"Coefficient","Estimate","statistics","P.value"
"(Intercept)",-0.162852440861002,-0.610818598232299,0.542639664750173
"Total.ST.min",-0.00404343515847917,-21.8462817765942,7.52316806959934e-41
"Social.ST.min",0.0107241638050142,33.847996508441,2.6370523612133e-58
"Pickups",0.000781638554234756,1.1766365938297,0.242001170068658
"duration",0.0154494758794,1.94817634949945,0.0540632226012988
"is_weekday",0.104055293668188,2.4369367640662,0.0164935557739528
"Pickup.1st.angular",0.00119737540743089,1.67114705160631,0.0976706227839566
"BMI",-0.00350192085050194,-1.44600479035059,0.151154214556935
"procrastination",-0.018074441608676,-3.52518451854158,0.000628505866467553
