"Coefficient","Estimate","statistics","P.value"
"(Intercept)",4.75689928853854,2.49990103799174,0.0139264307424421
"Total.ST.min",0.011211252888852,3.67594716644714,0.000370868895662705
"Social.ST.min",-0.000185431022185836,-0.0245721204014518,0.980441601404597
"Pickups",-0.0427028036911358,-3.27357786064361,0.00142699939938183
"prop_ST",-0.730058756036768,-6.0784826250227,1.86034417857934e-08
"duration",-0.309325681339013,-0.310970205686866,0.756422673248621
