"V1","V2","V3","V4","V5","V6","Pickup.1st.angular","V8","V9","V10"
31,15485,4723,2863,210.963719731187,21,3266.5,2015,685.1,-24.8564658888965
15485,8127809,2363694,1373834,116412.155388548,10675,1661501,1006525,342218.5,-13603.4923771356
4723,2363694,852745,450376,30590.717518233,3219,494335,306995,104378.3,-2323.8221051192
2863,1373834,450376,297177,15485,2112,296868,186095,63272.3,-1954.63886660457
210.963719731187,116412.155388548,30590.717518233,15485,2163.15572284002,135.769369702765,23166.9698096469,13712.6417825272,4662.29820605924,-217.304519009914
21,10675,3219,2112,135.769369702765,21,2263.75,1365,464.1,-16.6611568692182
3266.5,1661501,494335,296868,23166.9698096469,2263.75,357302.625,212322.5,72189.65,-2732.77479090691
2015,1006525,306995,186095,13712.6417825272,1365,212322.5,130975,44531.5,-1615.67028277827
685.1,342218.5,104378.3,63272.3,4662.29820605924,464.1,72189.65,44531.5,15140.71,-549.327896144613
